email,subject,message
bekwab19@gmail.comt,tytyty,ytytyty
bekwab19@gmail.com,dddf,ytytyht
bekwab19@gmail.com,dddf,ytytyht

bekwab19@gmail.com,erererer,34344343
bekwab19@gmail.com,erererer,34344343
bekwab19@gmail.com,erererer,34344343
bekwab19@gmail.com,erererer,34344343
bekwab19@gmail.com,erererer,34344343
bekwab19@gmail.com,erererer,34344343
bekwab19@gmail.com,erererer,34344343
bekwab19@gmail.com,first to be on db,drerererer
bekwab19@gmail.com,dsgrsgrdgdgdsg,ddgdgdgdg
bekwab19@gmail.com,dsgrsgrdgdgdsg,ddgdgdgdg
bekwab19@gmail.com,gjfjj,hfjhjhj
bekwab19@gmail.com,dhgf,ererer
bekwab19@gmail.com,dhgf,ererer
bekwab19@gmail.com,dhgf,ererer
bekwab19@gmail.com,first to be on db,efeerererer
